old_scheme_id,old_name,new_name
3586,PAKISTAN CHUBA PWSS,Burhakuri Dakhin PWSS
8387,BAMUN BARI PWSS,TENGAPUKHURI PWSS
8445,HABI GAON PWSS (NAPUKHURI),HABI GAON(NAPUKHURI)
8482,URISSA NAGAR PWSS,NEW BAULIPUKHURI PWSS
8484,BAKUPUKHURI HABI CHUK PWSS,MATHURAPUR 4 NO. LINE PWSS
8488,PATHAL DUBI PWSS,MAIBELA BAGAN PWSS
9452,Uttar Burihkamar Agdia PWSS,Uttar Burikhamar PWSS
9483,KUMULI PARA KHANDAKARPARA PWSS,GAREMARI HAZIPARA PWSS
9526,Palhazi Pt. II PWSS,PALHAZI PT.II
9528,Palhazi Pt. Ill PWSS,PALHAZI PT.III
9604,RANDHI KHAITI PWSS,Lakhi Pathar PWSS
10048,BANBAHAR DAKHIN SUBA MINI PWSS,Banbahar Dakhin Suba PWSS
10051,KUJARPITH MINI PWSS,Kujarpith Pt. PWSS
10061,BALAR VITHA DAKHIN SUBA MPWSS,Balar Vitha Dakhin Suba PWSS
10102,BALIPARA PAM PWSS,Balipara PWSS
10140,TINGRAI DOOM GAON PWSS,TINGRAI KORIBORTA GAON PWSS
10215,MUNANI PWSS,MURHANI PWSS
10283,NAMRUP CHAH BAGICHA WEST OF R PT 2 PWSS,NAMRUP CHAH BAGICHA TINIKUNIA PWSS
10440,PURBA ALADI Pt. PWSS,Purba Aladi PWSS
10480,SARIMAKUCHI PWSS,Sarihakuchi PWSS
10510,MILEKUCHI Pt. II PWSS,MILEKUCHI PT-2
10511,MILEKUCHI Pt. I PWSS,MILEKUCHI PT-1
10536,Uttar Moinbari-2 PWSS,Pachim Moinbori PWSS
10537,Tanpara PWSS,Pachim Moinbori Pt MPWSS
10540,Mominpur PWSS,Motinpur PWSS
10572,Murha Teteli PWSS,Khalihamari West PWSS
10844,Buragaon T.E PWSS,Barjuli Bazar PWSS
11018,ALI CHIGA  PWSS,ALI CHIGA (SIVASAGAR) WSS
11427,Muslim Gaon PWSS,Madhya Barika Chuburi PWSS
11474,Upper Gereki MPWS,New Chatai Chapori MPWSS
11518,Ambuk Pt-I PWSS,Abmuk Hakojuli PWSS
11887,Balipukhuri PWSS,No. 2 Dolabari PWSS
11943,Arimara Pathar PWSS,Bahbari No.3 PWSS
12067,KENDUGURI NO.2 PWSS,KENDUGURI NO. 2 & SESANEPALI PWSS
12099,NAMATIA GOHAIN BONGALI GAON PWSS,Namatia Gohain Bongali Gaon
12177,HAJUA PATHER NO 1 PWSS,RAMPUR GAON PWSS
12233,Churatonibam PWSS,Churatonibam No.1 PWSS
12278,Merpukhuri PWSS,Pachim Chuba PWSS
12491,Bijaypur Baguan PWSS,Bijoypur Bongaon PWSS
12983,TOPLAKHOWA PWSS,Sardarpara Baguan PWSS
13315,TARAIBARI (Bodahpur) PWSS,Watregri PWSS
13841,KANKATA PT-II (Simlitola) PWSS,Fakirpara pukhuripara PWSS
14448,Kataki Chuburi PWSS,Bahbari No.2 PWSS
14532,CHARARIKATA NO 1 PWSS,CHALAKATAKI NO 1 PWSS
14803,Balijan PWSS,Balijan PWSS (NO.2)
14914,Anuboicha PWSS,Anuboicha-Baligaon PWSS
15010,BORCHALA MISSING CHUBURI PWSS,Borchala Muslim Chuburi PWSS
15069,DIKHARI 119 NO FS 144-107 NLR PWSS,Dikhari 119 No. FS 144-107 NLR PWSS
15332,MONMARI GAON NO 2 PWSS,MOHMARI GAON NO 2 PWSS
15350,JALONI 274 NLR PWSS,Jaloni 274 NLR PWSS
15385,Jaipur Seed Firm WSS,New Chalang Pathar PWSS
15518,Chengapara Dhangapara PWSS,Gosbiya PWSS
15881,Moran (CT) Pt.7 PWSS,Moran (CT) Pt.7 PWSS
15966,Borphukan Khat  PWSS ,No-2 Borphukankhat PWSS
15970,Torani Udaypur PWSS,No.1 Tarani PWSS
15971,Buralikson Solar Operated Mini PWSS ,Buralikson Mini PWSS
15982,Anka Gaon Solar Operated  PWSS ,Moluahabi PWSS
16362,NO. 1 MORISUTI (RANGATI) PWSS,No 1 Morisuti PWSS
16552,Kulabil Mornoi PWSS,Kulabil Mornoi Nepali PWSS
16569,Nunghungia No.3 PWSS,Hunghungia No.3 PWSS
16571,TEPORCHAL BAMGAON PWSS,TEPORCHALI BAMGAON PWSS
16848,Habi Gaon (Wrong),HABI GAON(SUKAFA)
16870,RANGAGARAH NO.1 PWSS,Sologuri No.1 PWSS
17097,GHUGULONI BONGALI PWSS,Ghuguloni Bongali PWSS
17154,Muslim. Chuburi.. PWSS,NO 1 Muslim Chuburi PWSS
17248,Chariakhat Bagan,Bebejia Likchan PWSS
17509,JAMUGURI PWSS,Jamuguri No.1 PWSS
17522,Na Mile Nepali Basti PWSS,Na Mile PWSS
17887,Chipahibari WSS,Townhulla PWSS
17892,No I Kacharigaon Kachuani Hola WSS,Da-Gaon PWSS
17950,FESUAL SVS,Fatual PWSS
18040,Turi Line Pwss,Borchapori Pwss
18207,SABOKDHARA SVS,Tirual Gaon No-3 PWSS
18447,Harchura TE PWSS,New Harchura PWSS
18775,KALABIL THAILOO CHA BAGICHA W.S.S,Borthal Kalabil & Thailu Cha PWSS
19371,No. 2 Tarajuli PWSS,No. 1 Dhendai TE PWSS
19419,SARUPETA TOWN PWSS,Sarupeta Town Pt PWSS
19474,LEPETKATTA TE PWSS,LEPETKATA T.E. PWSS
19475,LEPETKATA T.E. NO. 1 PWSS,LEPETKATA T.E. NO 1 PWSS
19685,Bharali Suba PWSS,Tihulabari Kaibatra PWSS
19704,Bekijan PWSS,Pachim Datkola
19734,No.1 Bortamuli  pwss,No.2 Bortamuli
19803,12 NO. CHUBURI PWSS,Singimari Bazar Dakhin Chuk PWSS
19909,ARORA PART-II PWSS,Arora PWSS
20072,NAMATI PART-I A PWSS,Namati Part-I (A) PWSS
20085,BARMURIKONA PWSS,Barmurikona-I PWSS
20091,Gualhati Â PWSS,Nijeswari PWSS
20095,Medhipar PWSS,Aggumi No.2 New PWSS
20097,Lochana PWSS,Kochpara Lochana PWSS
20098,SANTIPUR PWSS,Senimara PWSS
20104,Hatimura PWSS,Puranbari PWSS
20108,Uttar Suba  PWSS,Uttar Karaibill PWSS
20111,Dighaldoba  PWSS,Salmara PWSS
20114,Salmara  PWSS,Nowapara No.1 PWSS
20115,Nowapara Kathalguri  PWSS,Nalzuhi Pathar PWSS
20117,Maghu Bilar Pathar  PWSS,Khetrapara PWSS
20118,Lohikata  PWSS,Kaltoli Pathar PWSS
20119,Khetrapara  PWSS,Kalardia No.1 PWSS
20120,Kaltoli Pathar  PWSS,Kalardia PWSS
20121,Dakshin Suba  PWSS,Maghu Bilar Pathar PWSS
20124,Deuridoba  PWSS,Chaudhurypara PWSS
20125,Dekradiatup  PWSS,Batahdia PWSS
20126,Chaudhurypara  PWSS,Bhugedia No.-2 PWSS
20127,Batahdia  PWSS,2 No Bala Gaon PWSS
20128,Bhugedia No.-2  PWSS,Bhugedia No.-1 PWSS
20206,AJARTOLI PWSS,JADUPATHAR BALIGHAT PWSS
20210,2 No Bala Gaon  PWSS,1 No Bala Gaon PWSS
20233,Bhugedia No.-1 PWSS,Tekeliphuta PWSS
20236,SONAPUKHURI PWSS,Sonapukhuri Mini PWSS
20239,1 No Bala Gaon  PWSS,Tapar Pathar PWSS
20248,Ambari Pam  PWSS,Kandulimari No.1 PWSS
20281,KACHARI PAM NO. 3 PWSS,KACHARI PAM NO. 3 PWSS
20290,Maugatari PWSS,Alikah PWSS
20320,Palpara PWSS,Shantipur PWSS
20348,Baregaon PWSS,Bongaon Buri PWSS
20360,Tilapahar PWSS,Khatira PWSS
20367,Deor Ali PWSS,Kaharpara PWSS
20374,Lochana PWSS,Dharampur PWSS
20387,Pathaldhia PWSS,Garobasti PWSS
20392,Kaltali PWSS,Kalatoli No.1 PWSS
20396,Merganda PWSS,Pub Mergenda PWSS
20413,LARSING PWSS,Duri Killing Rongkimi PWSS
20423,KHOLAPHIANG PWSS,Kholalapheng Part A PWSS
20437,Barkhal N.C. PWSS,Dhelasar New PWSS
20443,Palahartari No. III SVS,Palahartari khutirpar
20444,Nadhia Para No. 1 PWSS,Sapartari New PWSS
20450,Kakijan 1 PWSS,SARKEY BASTI GP 1 PWSS
20455,Masjid Area PWSS,JANJU CAMP PWSS
20460,Deeben Gaon 1-2 PWSS,NAKHUTI GP 1 PWSS
20463,Hanpara PWSS,Membasti PWSS
20484,PUNNIPARA SVS,New Mandira Pathar
20494,BARPUKHURI KACHARIGAON PWSS,NARAYANPUR PWSS
20507,Merganda PWSS,Mergenda No. 1 PWSS
20514,Kachari Gaon PWSS,DAKHIN LUMDING GP 2 PWSS
20532,Kandpur PWSS,Gorabori PWSS
20536,Bamunpara  PWSS,Koitasidhi PWSS
20539,Dakshin Suba  PWSS,Uttar Tukura Para PWSS
20550,Barkukuria  PWSS,Boratoli PWSS
20554,Kalardia  PWSS,Majgumi Puthimari PWSS
20561,Madhav Dev Nagar PWSS,KATAURA PWSS
20569,Chanpupara Pathar  PWSS,Saralpara PWSS
20575,Narasingha Patti Mini PWSS,NEW AMBARI FV PWSS
20604,PURAN GAON NO. 3 PWSS,PURAN GAON NO. 3 PWSS
20677,TERON GAON(SEDENG TERANG)PWSS,Jirikinding Terang Gaon PWSS
20696,NEPALI BOSTI PWSS,Kholalapheng Part B PWSS
20706,BIRINGA ATI PWSS,Gerjaipam Gaonbura Basti PWSS
20715,BADLA PATHAR NO. 3 PWSS,Rangeswari Pam Pwss
20733,Tarapara PWSS,Borgaon Para-Haldipara PWSS
20805,SUMER PATHAR(LANGPARPAN) PWSS,Lang Long Dang PWSS
20860,JENKHA RONGPI GAON PWSS,JENKHA NEPALI GAON PWSS
20864,KOMALONGJON PWSS,Koma Anglong PWSS
20882,LUMMUTEM PWSS,Lummujen PWSS
20918,Tisso Gaon PWSS,Notun Borghat 1 PWSS
20934,Longboi Ronghang Gaon PWSS,Longboi Boro PWSS
20981,"Kawaimari Zone II, Mir Ingku, Rongjamir PWSS","Kawaimari Zone II,Rongjamir PWSS"
20997,CHAKARIGAON PWSS,KOSUPIT PWSS
21010,"GOPCHARGURI,SANTIPUR DEWRI PWSS   ",Santipur Dewri PWSS
21041,NO 1 KAMDEWAL PWSS ,Ouguri PWSS
21047,MAJIKUCHI NO.1  PWSS,Majikuchi No.2 PWSS
21090,Miya Suba PWSS,Kekurijan No.2 PWSS
21103,UTTAR SALMARA  SVS,2 No. Jawkata Gaon PWSS
21141,Nagopara PWSS,Namborjuli PWSS
21203,Palashartari PWSS,Batakuchi PWSS
21232,NEW HAKARAPARA SVS,NEW HAKARAPARA SVS
21233,Nayapara PWSS,Nampara PWSS
21243,Besimari F.V PWSS,Kulsi PWSS
21251,EAST PARA PWSS,Banadh Market Chuburi PWSS
21280,Kakila Mazgaon PWSS,GojenPathar PWSS
21289,Bijaypur PWSS,No.2 Bijaypur PWSS
21316,GOSAIBORI 1 PWSS,Khaloigaon PWSS
21328,Ouguri PWSS,Natun Khatar PWSS
21367,BAGISANAGAR PWSS,No. 2 Bengenakhowa PWSS
21389,NA PAMUA PWSS,Bholaguri Abore Ghat PWSS
21435,Taradong Hanse PWSS,Langtuk Terang PWSS
21439,Chandra Terang PWSS,Chandra Terang PWSS
21446,JAMUGURI PWSS(NIZ HATICHUNG),JAMUGURI PWSS
21451,Gautam Basti Z-1 PWSS,Sobdoi Timung PWSS
21495,KARCHUNG SATRA PWSS,RAJA ALI PWSS
21508,LOTANPUR PWSS,Dineshpur PWSS
21509,ODALIPOTHAR SVS,Ganeshpur PWSS
21523,KENDUGURI NO. 1 PWSS,NEW KENDUGURI PWSS
21528,Japarajan PWSS,Ram Bd. Chetry Tila Basti PWSS
21534,KENDUGURI PWSS,Pachim Kenduguri PWSS
21538,Borlai Hanse PWSS,Wai Terang PWSS
21554,Tekela Teron PWSS,Saphasing terang PWSS
21557,Sikari Teron PWSS,Jiliki Basti PWSS
21562,Mul Khang PWSS,Saibol PWSS
21589,Haitha Tokbi PWSS,Hema Engti PWSS
21592,Ruipi Lonkso PWSS,Ruipilangso PWSS
21682,RAM LNGHI GAON PWSS,Preelangso PWSS
21685,NELI BARI NEPALI BASTI PWSS,Monsing Timung PWSS
21763,Harizon Basti Dikchamukh PWSS,Harinagar Bazar Tilla PWSS
21764,Moina Dhar (Madhura) PWSS,Tupidhar PWSS
21808,BHUYAN CHUK PWSS,Bhuyan Chuk PWSS
21850,Sobdoi  Timung PWSS,Guatam Basti Z-1 PWSS
22003,Gobin Rongphar PWSS,Rongdo PWSS
22005,Longkiram Hanse PWSS,Narep Timung PWSS
22008,Tekela Teron (Borjan)  PWSS,Sarthe Kramsa PWSS
22011,LONGJAP JARONI PWSS,HATIPHANDI PWSS
22014,Khoken PWSS,Parlene Lekthe PWSS
22016,Mon Teron PWSS,Sikari Kathar PWSS
22019,Killing Gaon PWSS,Langtuk Kramsa PWSS
22029,MAICHAM  PWSS,Amdubi Borbill No.1 PWSS
22125,MIKIR PAR URIA PWSS,MIKIR PAR URIA PWSS
22127,MIKIRHAT PWSS,MIKIRHAT PWSS
22165,NIZ-JURIA PWSS,KAWAIMARI II
22183,OWANA PWSS,OWANA NO. 1 PWSS
22273,"GIRJAJYOTI,AMARJYOTI NO-3, BALIZAN PWSS",Amarjyoti PWSS
22283,Ampahar PWSS,Ampahar PWSS
22288,Tilku Basti PWSS,Tilku Basti PWSS
22289,Haldu Bagan PWSS,Mala Terang PWSS
22302,GARIGAON ALUTOLIA PWSS,Garigaon Alutolia PWSS
22333,PUKHURIPAR ( NIZ-HATICHUNG) PWSS,LAST GATE PWSS
22359,SANTIPUR PWSS,Majgaon PWSS
22370,SIMALUTOL PWSS,Gerjaipam Dakhinpar PWSS
22461,Kumbha Hanai Punjee PWSS,Nagar Engine Tukra PWSS
22462,Chanslu Punjee WSS,Muldam Punjee WSS
22463,Machkhal pt-V WSS,Gopendra Nagar PWSS
22576,Tataicherra Kumbha T.e. PWSS,Nagar 14 no. Nich Line
22577,Kashipur Das Tilla PWSS,NUTAN DOYAPUR CHALK WSS
22580,AKAI PUNJEE WSS,Uttar Digli WSS
22649,mission complex wss,Jirighat Old Colony wss
22656,Durganagar Barman Para PWSS,Nagar Basti Barmanpara PWSS
22664,Lailong Cherra WSS,Baroidisa Punjee WSS
22676,LADICHERRA TIN LINE WSS,Bahadurpur - II PWSS
22701,NUTAN DOYAPUR CHALK WSS,Kashipur Das Tilla PWSS
22727,aliacherra wss,Dewan Durga Mandap wss
22741,Diguncherra Grant WSS,Chandkira WSS
22758,Patradisha Kangki Engti PWSS,Patradisha Kangki Engti PWSS
22874,HILGRANT NO.2 PWSS,HILGRANT NO.2 NEW PWSS
22878,PUB SUBA & UTTAR SUBA OF  RANGIA NADIR PAM MPWSS,Rangia Nadir Pam (New) PWSS
22884,KAWAIMARIKARAGARI RESERVE BL -9 PWSS,KAWAIMARIKARAGARI RESERVE BL-9 PWSS
22888,DURAMANI NEW PWSS,Duramari NEW PWSS
22889,BAMUNDOKRA PWSS,Bamundongra (New) PWSS
22960,Kaimari Reserve Pt.III PWSS,Kaimari Reserve Pt.III PWSS
22985,CHAISHIMANA N.C. Pt.III PWSS,CHAISHIMANA N.C. Pt.II PWSS
23014,Balar Ghat PWSS,Balar Bari MPWSS
23044,Natuntilla PWSS,U/S Paschim Diska Nepali Tilla (Bagerkona) PWSS
23046,Natsul WSS,Luthathol Hmar Punjee WSS
23050,Lailong Cherra Khasia Punjee PWSS,Nagar Ting Tong PWSS
23076,Chotokumbi WSS,Christian Para Pwss
23083,Borakhai Andharaighat Part PWSS,ANDHIRIGHAT PWSS
23091,Badri wss,Lalong Office Line wss
23116,PUTIKHAL  WSS,PUTIKHAL NEW PWSS
23117,Pashi Para PWSS,Thaligram Pashi Para PWSS
23147,Kumbha Haibong Punjee PWSS,Kumbha Hmar Punjee PWSS
23186,BONGRAM PWSS,BONGRAM NEW PWSS
23192,DIDRAKUSH PT I PWSS,DIDARKUSH PT-1(MANIPURI BASTI) PWSS
23204,SOUTH JAMALPUR PWSS,SOUTH JAMALPUR NEW PWSS
23257,TOKOLATUP PWSS,2 NO MAGURGAON PWSS
23265,UTTAR AMERI NO 2 PWSS,Dakhin Jar Bagan Virot Colony PWSS
23654,SOLOGURI BANGALI NO.1 PWSS,Natun Majhi PWSS
23670,BALIJAN NO.2 PART-1 PWSS,BALIJAN MILONJYOTI PWSS
23765,NAHARANI BLOCK NEW PWSS,NAHARANI BLOCK NO 2 PWSS
23771,GANDHIA IKARANI PWSS,GHUGULANI PWSS
23772,GHOGULANI PWSS,Gandhia Ikarani PWSS
23801,GOHAIN BARI MPWSS,GOHAIN BARI MPWSS
23821,KONWAR CHUK PWSS,KONWAR CHUK 1
23875,Mazrowmari Bangalligaon PWSS,Mazrowmari Bangali (Part-A) PWSS
23881,No.1 Belsiri Bagan PWSS,Dhekipelowa Bangali PWSS
23932,Bongtok Terang PWSS,Bongtok Terang PWSS
23969,NORTH SINGIMARI PWSS,North Singimari Shyamthaibari PWSS
23971,New Dakhin Moirabari PWSS,PACHIM MOIRABARI PWSS
24008,PANBARI GAON PWSS,Baligaon Part PWSS
24012,Latiamari PWSS,Niz Bihaguri No.3 PWSS
24014,Dui Depota maz Pathar PWSS,Niz Bihaguri No.2 PWSS
24019,Hatibarijan PWSS,Puroni jamuguri Part-A PWSS
24021,Majuli Char PWSS,Natun jamuguri Part-A PWSS
24035,MAJULIPARA PWSS,Majulipara Gwthaibari PWSS
24045,DAKHIN HATIMURIA PWSS,UTTAR HATIMURIA PWSS
24063,Bor Timung PWSS,Mouldam PWSS
24079,KONTHELAL GAON PWSS,Nasugrundisa PWSS
24084,Mohon Rongpi PWSS,Hemari PWSS
24110,Lahorijan Beat Eastern Range (rongapahar)PWSS,Mon Basti PWSS
24118,KANIA ENGLENG PWSS,Sunali pwss
24132,SUNAIBERAGAON PWSS,SONAIBERA KERIMERI PWSS
24367,GHORAMARI PWSS,Batabari-Ghoramari PWSS
24383,Phangjang PWSS,Saijang PWSS
24406,DAUKHIJHAR BARMANPARA B PWSS,DAUKHIJHAR BARMANPARA B PWSS
24408,DAUKHIJHAR BARMANPARA A PWSS,DAUKHIJHAR BARMANPARA A PWSS
24421,PACHIM PAKRIRTOL PWSS,Pakrirtol PWSS
24445,Kukital Bagan PWSS,Boroputni PWSS
24449,Manipur Nepali Basti PWSS,Hemai Rongpi PWSS
24453,Lahorijan Basti Aug PWSS,Ikorani PWSS
24457,Dilawjan alaongbui PWSS,Den Timung PWSS
24582,Singimari (Bamunitila) PWSS,Singimari (Bamunitila) PWSS
24601,BHAJAKHATI GAON PWSS,UTTAR BORCHAPORI PWSS
24630,CHAPRAKATA PT.I A MPWSS,CHAPRAKATA PT.I A PWSS
24633,Sainilangs o PWSS,Kehai Bey PWSS
24636,CHAPRAKATA RABHAPARA A PWSS,CHAPRAKATA RABHAPARA A PWSS
24638,CHAPRAKATA RABHAPARA B PWSS,CHAPRAKATA RABHAPARA B PWSS
24644,Moza Phangso PWSS,Rongchave PWSS
24645,Serat Bey PWSS,Cherat Bey PWSS
24674,JHARPARA PT I A PWSS,JHARPARA PT I A PWSS
24675,JHARPARA PT I B PWSS,JHARPARA PT I B PWSS
24676,JHARPARA PT II A PWSS,JHARPARA PT II A PWSS
24677,JHARPARA PT II B PWSS,JHARPARA PT II B PWSS
24721,CHANDRAPUR 2 PWSS,Bandukmara Grant(Benguar Thimuka) PWSS
24759,DIM TIMUNG PWSS,Saphapani zone 1 PWSS
24801,MOUZADARPARA PWSS,MOIRABARI HAZI PARA PWSS
24802,TILAPARA B PWSS,TILAPARA B PWSS
24813,PACHIM SOGUNBAHI PWSS,PUB HATIMURIA PWSS
24835,Upper Balijan PWSS,Biddingson Marak PWSS
24851,Hidipi Zone 1 PWSS,Langsangti PWSS
24856,Balijan Zone 1 PWSS,Tal Balijan Zone-1 PWSS
24938,BAHIR (BHITOR) JANMI CHUK PWSS,Bhitar Janmi Chuk
24997,Gendacherra - Chuto Jamira - Karnabasti - Haticherra PWSS,Chalkwari PWSS
25016,Bashdahar - Bor Hailakandi PWSS,Thingomkhul PWSS
25048,dakhin dangarkuthi pwss,Dakhin-Pachim Dangarkuti PWSS
25066,EAST KHAGRABARI PWSS,Khagrabari PWSS
25256,bhutiapara-I PWSS,Bhutiapara PWSS
25266,AUNAJULI MALSINGPARA PWSS,Aunajuli PWSS
25270,JOYNARY EAST PWSS,Kakormari Joynary East PWSS
25350,Umanagar PWSS,Umanagar East Charagaon PWSS
25351,Sikargaon PWSS,Maoriagaon-Sikargaon PWSS
25599,UPPER DILLAJI (TERON GAON)PWSS,Shanti Bosti pwss
25600,RAM SING TERON PWSS,Upper Ekarani PWSS
25642,Tokobari PWSS,Sam Gaon PWSS
25680,Binhum Killing PWSS,Bakring Engti PWSS
25689,Tengahola PWSS,Yadov Rai Grant 1-2 PWSS
25694,Dok Tokbi PWSS,Kania Hanse PWSS
25696,Hanse Gaon PWSS,Amreng Ingti PWSS
25697,Central Range Manja PWSS,Rongjangphong PWSS
25699,Amreng Ingti PWSS,United Adivasi PWSS
25700,Rintithe PWSS ,Rintithe PWSS
25702,MAZI GAON PWSS,Jula Gaon PWSS
25738,NEW AMGURI PWSS,Sonapur PWSS
25747,NOWAPARA NO.1 B PWSS,NOWAPARA NO.1 B PWSS
25748,NOWAPARA NO.1 A PWSS,NOWAPARA NO.1 A PWSS
25749,JARAGURI NO.1 A PWSS,JARAGURI NO.1 A PWSS
25811,BAGHEKHAITY B PWSS,BAGHEKHAITY -B PWSS
25812,BAGHEKHAITY A PWSS,BAGHEKHAITY - A PWSS
25917,Sialmari Pt-I PWSS,SIALMARI PT-I & PT-II PWSS
25982,CHEDAMARI B PWSS,CHEDAMARI B PWSS
26014,CHAPRAKATA PT.I B MPWSS,CHAPRAKATA PT.I B PWSS
26016,CHEDAMARI A PWSS,CHEDAMARI A PWSS
26120,Bagapani  PWSS,Pathelipara PWSS
26147,Sar-et Terang PWSS,Sar-Et Terang PWSS
26353,KANGJUK ATHOI WSS,Kangjuk Athoi PWSS
26379,Chandrasing Kro PWSS,Chandrasing Kro PWSS
26414,LAILUI KACHARI BOSTI PWSS,Parkoklangso PWSS
26416,MAISA DISA BASTI PWSS,Nagachang Amlaiguri PWSS
26417,KUSH PATHAR PWSS,Majuar pwss
26445,SARLOK PATHAR PWSS,Sarlok Pathar PWSS
26462,SUNPURA DIMASA PWSS,Gorjoga PWSS
26469,Doidak No.2 PWSS,Doidak No.2 PWSS
26470,Bahar Rongpi PWSS,Bahar Rongpi PWSS
26471,Sar Rongpi PWSS,Sar Rongpi PWSS
26473,Sikari Engti PWSS,Sikari Engti PWSS
26474,Sarthe Rongchehon PWSS,Sarthe Rongchehon PWSS
26479,Khorsing Enghee  PWSS,Longkoi Timung PWSS
26490,Lok Bok Tisso PWSS,DungKek Tisso PWSS
26492,Koch Gaon PWSS,Phulbari Pwss
26498,KADAMONI PATHAR PWSS,KADOMONI PATHAR PWSS
26517,Ramsing Terang PWSS,Mensing Terang PWSS
26522,Sarbura Engti (Nilip) PWSS,Sarbura Engti (Panjan) PWSS
26534,Sir Engti PWSS,Sarthe Rongpi PWSS
26535,Sarthe Enghi PWSS,Sarthe Enghi Gaon PWSS
26556,BAHATI CHAR PT-II  PWSS,Bahati Char Pt-II River Block PWSS
26573,GOROMARI NO 2 PWSS,Kalaichar PWSS
26584,GOROMARI (BHARBARI) PWSS,Singramari NC PWSS
26586,BAHATI CHAR NO 2 PWSS,Bahati River block Pt-I No.2 PWSS
26652,Rabhapara PWSS,Matia Rabhapara PWSS
26695,BORABARI PWSS,Berubari Pt-I PWSS
26774,Bijaynagar PWSS,KUMTOLA BIJAYNAGAR PWSS
26775,Aoujarguri PWSS,NEW ISLAMPUR AOUJARGURI PWSS
26782,Noushad Ali PWSS,HUDUMKATA NO 2
26788,LODRAIPARA PWSS,NARANGURI THARAIBARI PWSS
26801,Belguri PWSS,SIALMARI PWSS
26809,Mangalbasti PWSS,MAJHIBASTI MPWSS
26812,Pub Gardenpur PWSS,ALINAGAR BOROBASTI PWSS
27019,WEST MAORIAGAON PWSS,West Maoriagaon PWSS
27107,South Puthimari PWSS,ALITANGANI SADAGARBASTI PWSS
27115,NEW DAKHIN KATAHGURI PWSS,NEW DAKHIN KATHAGURI PWSS
27116,KOWAKURI PWSS,KOWAKURI PWSS
27136,KAMARPARA PWSS,Kamarpara Kharida Modati PWSS
27138,BONGSHIDHARMA PWSS,Bongshidharma-Sikargaon PWSS
27140,Athiabari PWSS(Gossainichina),Athiabari-Gossainichina PWSS
27170,Muthupara-Bhalukjhora PWSS,Bhalukjhora-Ujanpara PWSS
27176,Bangaljhora PWSS,BANGALJHORA BHAWRAGURI PWSS
27177,Simlaguri PWSS,Simlaguri Laodanga PWSS
27235,KONWAR CHUK ,KONWAR CHUK 2
27237,Gohain Bari PWSS,GOHAIN BARI 2
27278,"Purba Sunapur, Tikarbasti PWSS",Norshingpur Quarter Line PWSS
27540,Saijang PWSS,Phuljang PWSS
27543,Ramanagar zone 1 PWSS,Surumanthi PWSS
27544,Ram Rongphar (Borjan) PWSS,Jilangso PWSS
27545,Mohiram Bey (Borjan) PWSS,Upper Adivasi PWSS
27546,Kherjuram PWSS,Moi Engti PWSS
27552,Burichattam-Nepalibasti PWSS,BURICHATTAM I PWSS
27573,DHOPTAL MPWSS,Dhoportol PWSS
27574,KALIPARA PWSS,Kaliapara PWSS
27581,Bhagwati mandir chuba muslim PWSS,Bhagwati Mandir Chuba PWSS
27608,New Borjan PWSS,New Borjan PWSS
27609,Sarthe Tisso PWSS,Bey Arong PWSS
27620,New Manja PWSS,New Manja PWSS
27624,Lower Tarapung Zone I PWSS,Bura Taro PWSS
27646,Laharaijan Natun Basti PWSS,Nothong Teron PWSS
27647,C.C.I Ouary PWSS,Chiri Adong PWSS
27712,Kerapur PWSS,Jaraguri I PWSS
27734,Dakhin Polashguri PWSS,POLASHGURI II PWSS
27735,Polashguri Nashirpara PWSS,POLASHGURI III PWSS
27771,Khalpani PWSS,Joldoba New PWSS
27832,BORO BINNYAKHATA NO.2 PWSS,JOYMA KATHALGURI PWSS
27854,New Dhardhara 1&2 PWSS,New Dhardhara-2 PWSS
27857,ALOKJHAR PWSS,Alokjhar-2 PWSS
27859,Lotamari 1 PWSS,Lotamari-2 PWSS
27895,Teropara PWSS,Kandanapara No. 1 PWSS
27905,BHOWRAGURI MANDALPARA PWSS,BHOWRAGURI Harbhanga Pt III PWSS
27953,DHOTABIL PWSS,DAKHIN MANDALPARA DHOTABIL PWSS
28043,Naharani PWSS,Kukurjan PWSS
28223,KAKOTI GAON PWSS,KAKOTI GAON PWSS
28367,MADHYA MOHAKAL PWSS,Madhya Mohakal II PWSS
28423,Lamajuar-II PWSS,Lotarkhal II PWSS
28435,Fatepur-I PWSS,Khararpaar PWSS
28438,Fatepur-IV PWSS,Khagail Gandhirpaar PWSS
28443,Jatkapan South PWSS,Brahmansashan PWSS
28456,Kalagang PWSS,Kakura Punjee
28461,Lesrakandi PWSS,Barpurahuria II PWSS
28480,MANTAPARA PWSS,Niz Dahi Moroitol PWSS
28492,LAKHIMPUR NO.1 PWSS,Balipota Kamakhya Math PWSS
28536,Gamarital - Padmadighi PWSS,Gamarital PWSS
28571,Khagail-II PWSS,Kangter PWSS
28588,Katabari PWSS,Moirangaon Katabari PWSS
28591,East Kanishail 2 PWSS,chuatikor
28593,Deotali PWSS,Deotali II PWSS
28595,Bhutucherra PWSS,Bhutucherra I PWSS
28668,Nutan Tilla PWSS,Bubrighat II PWSS
28677,KONWARI GAON PWSS,SUKANPATHER PWSS
28692,TIPLING BHADHARIA PWSS,DIHING KINER BAHDHARI PWSS
28706,BAJIPAHUMARA NO.1 PWSS,Jamuguri No.2 PWSS
28708,UKHOBAM PWSS,Ukhobam PWSS
28712,TIPANIA BANGALI NO.3 PWSS,TIPOMIA BONGALI NO. 3 PWSS
28739,GERAKONI NO.2(B) PWSS,SUKANI (B) PWSS
28742,GERAKONI NO.2 (A) PWSS,N.P. Lerelapather PWSS
28754,JAMUGURI NO.2 PWSS,Kekuri Bongali No.2 PWSS
28757,KATHALANI PWSS,KATHALANI PWSS
28759,KENDUGURI NO.1 PWSS,JOYPUR T.E. MINI PWSS
28768,NAHARANI BLOCK NO.2 PWSS,NAHARANI BLOCK NO 1 PART 2 PWSS
28770,NALANI PWSS,Dalapa No.2 PWSS
28795,MOIDOMIA GAON PWSS,MOIDOMIA GAON PWSS
28797,SISUMORIA PWSS,SISUMORIA BAMCHUK PWSS
28893,JAGDUAR GAYAN GAON PWSS,JAGDUAR GAYAN GAON PWSS
28895,Habigaon PWSS,Mitham Bangali PWSS
28908,Dakshin Suba  PWSS,Nowapara Kathalguri PWSS
29263,Nalzuhi Pathar PWSS,Lohikata PWSS
29269,Singimari Habi 1 PWSS,New Alikash PWSS
29270,Singimari Habi PWSS,Alikash PWSS
29274,Tokradia  PWSS,Uttar Bankakata PWSS
29275,Iadingia  PWSS,1 No. Jawkata Gaon PWSS
29482,GOHAIN GAON,Moutgaon No 2 PWSS
29518,Kalibari Veterbond PWSS,Manashyapur (Barmanbasti) PWSS
29551,BOKOLAI KUMAR,Kumargaon No 2 PWSS
29907,GHAHI HARM NO.20,2 No. Notun Farm PWSS
30009,"Nayapur, Laosadisa & Raijaodisa PWSS","Nayapur, Laosadisa & Raijaodisa PWSS"
30034,CHAPRAKATA NAYAPARA PT. II PWSS,CHAPRAKATA NAYAPARA PT.II PWSS
30181,DIPATOLA SERUBASTI PWSS,Sensuwa PWSS
30214,Deor Ali PWSS,Thengapara PWSS
30266,Harishchandrapur PWSS,Harischandrapur-II pwss
30436,Santipur-Samserpur PWSS,Binopur-samserpur pwss
30872,DUARIBAGHA KANAKPUR PWSS,South Kanakpur PWSS
30894,Khagail PWSS,Sagarpaar PWSS
30900,Kesharkapan East  PWSS,Shikarpur PWSS
31015,Satiyara Pather pwss,Salamara PWSS
31634,Extension of new colony pwss,Saraipara PWSS
32005,"Digandu-II, Digandu- IV, Digandu-III & Digandu-V PWSS","Digandu-II, Digandu- III PWSS, Digandu-IV & Digandu-V PWSS"
32007,"Boro Langherang, Langdisa, Dikarbi & Taralangso PWSS","Boro Langherang, Langdisa & Dikarbi PWSS"
